Country,year,Health expenditure per capita(US),Hospital beds(per 1000 people),Incidence of Malaria(per 1000 population),Number of nurses(per 1000 people),Number of physicians(per 1000 people),Population growth(annual percent),Prevalence of HIV(percent),Region
Afghanistan,2006,27.83657074,0.42,20.5261008442815,0.44,0.1596,2.9905238360968,0.1,South Asia
Afghanistan,2007,31.27183914,0.42,21.5489325393271,0.4956,0.1743,2.49383039084495,0.1,South Asia
Afghanistan,2008,38.10266113,0.42,17.8362318175239,0.4971,0.1744,2.26827304079294,0.1,South Asia
Afghanistan,2009,41.72274399,0.42,14.771709855525,0.6078,0.2126,2.39697830237036,0.1,South Asia
Afghanistan,2013,55.03462982,0.53,9.01498695951477,0.2495,0.2846,3.49459192739625,0.1,South Asia
Afghanistan,2014,59.00893402,0.5,12.6663736937709,0.1476,0.2983,3.35560233082199,0.1,South Asia
Afghanistan,2015,58.90652847,0.5,14.9116835456294,0.1299,0.285,3.07705362914441,0.1,South Asia
Afghanistan,2016,60.18867111,0.5,26.1107132491267,0.1482,0.2782,2.77803478841236,0.1,South Asia
Argentina,2013,1421.65759277,4.78,1,4.2463,3.9385,1.11910919999772,0.4,Latin America & Caribbean
Argentina,2016,1153.53405762,4.95,1,2.5821,4.0013,1.05718157762752,0.4,Latin America & Caribbean
Argentina,2017,1529.61621094,4.99,1,2.5996,3.9901,1.03713389686514,0.4,Latin America & Caribbean
Armenia,2000,26.12908936,6.44,0.0459343685832375,5.9089,2.7007,-0.630760587863762,0.1,Europe & Central Asia
Armenia,2001,32.25933838,5.03,0.0258958149085157,5.4519,2.6187,-0.617979926225355,0.1,Europe & Central Asia
Armenia,2002,59.63238907,4.35,0.0171392258870868,5.1295,2.5633,-0.549251281615873,0.1,Europe & Central Asia
Armenia,2003,66.77802277,4.42,0.00960920999702446,4.9382,2.4563,-0.53001538172706,0.1,Europe & Central Asia
Armenia,2004,72.17178345,4.44,0.0156629336674759,4.8609,2.4604,-0.572322312384323,0.2,Europe & Central Asia
Armenia,2005,96.35484314,4.46,0.00234799893467934,4.9884,2.5643,-0.650389280091987,0.2,Europe & Central Asia
Armenia,2006,126.25294495,4.42,1,5.1117,2.5897,-0.773158374746929,0.2,Europe & Central Asia
Armenia,2007,172.60186768,4.07,1,5.1419,2.6724,-0.872060059332368,0.2,Europe & Central Asia
Armenia,2008,266.31158447,3.82,1,5.1981,2.7432,-0.856135895388362,0.2,Europe & Central Asia
Armenia,2009,252.83560180999999,3.72,1,5.1799,2.7679,-0.673638853162549,0.2,Europe & Central Asia
Armenia,2010,297.22906494,3.73,1,5.2396,2.8419,-0.373954889662394,0.2,Europe & Central Asia
Armenia,2011,330.57556152,3.74,1,5.2988,2.8677,-0.0270427628367578,0.2,Europe & Central Asia
Armenia,2012,336.32055664,4.05,1,5.2888,2.8968,0.26742945492201,0.2,Europe & Central Asia
Armenia,2013,396.23254395,4.06,1,5.2009,2.9031,0.461930535014127,0.2,Europe & Central Asia
Armenia,2014,405.72888184,4.16,1,5.1552,2.8928,0.509812126446043,0.2,Europe & Central Asia
Armenia,2015,364.97280884,4.2,1,4.9535,2.9143,0.450705991935445,0.2,Europe & Central Asia
Azerbaijan,2000,19.14171791,8.69,8.16815916669789,8.6612,3.5743,0.821519963674211,0.1,Europe & Central Asia
Azerbaijan,2001,19.18987465,8.51,5.61163060831561,8.5509,3.548,0.774765939386613,0.1,Europe & Central Asia
Azerbaijan,2002,20.59066963,8.4,2.65795390078373,8.3524,3.5618,0.746173582716985,0.1,Europe & Central Asia
Azerbaijan,2003,23.80161095,8.27,2.50634385789758,8.2922,3.5505,0.757650955616913,0.1,Europe & Central Asia
Azerbaijan,2004,27.38257599,8.24,1.98636305158883,8.1916,3.5568,0.875427280482454,0.1,Europe & Central Asia
Azerbaijan,2005,35.07611465,8.21,1.23225451656924,8.2422,3.5819,1.02226559239828,0.1,Europe & Central Asia
Azerbaijan,2006,50.24787903,7.94,0.720428428206536,8.2576,3.5649,1.09858657441812,0.1,Europe & Central Asia
Azerbaijan,2007,75.39520264,7.93,0.538231908181623,8.2338,3.7124,1.13385546615645,0.1,Europe & Central Asia
Azerbaijan,2008,107.36143494,7.67,0.354851110388266,8.1608,3.6844,2.09985403259251,0.1,Europe & Central Asia
Azerbaijan,2009,129.7258606,7.54,0.380005846243788,8.1077,3.6751,2.07614826384645,0.1,Europe & Central Asia
Azerbaijan,2010,145.84526062,5.06,0.240678520886082,7.3513,3.6629,1.18978770786007,0.1,Europe & Central Asia
Azerbaijan,2011,176.40847778,4.62,0.0190146603030937,6.9594,3.4376,1.30300085487651,0.1,Europe & Central Asia
Azerbaijan,2012,222.98551941,4.65,0.0140787565642202,6.8002,3.4901,1.32876382733755,0.1,Europe & Central Asia
Azerbaijan,2013,239.95080566,4.69,1,7.263,3.4558,1.29344702700591,0.1,Europe & Central Asia
Azerbaijan,2014,267.3097229,4.82,1,6.4338,3.446,1.24820899735588,0.1,Europe & Central Asia
Belize,2000,131.96932983,1.9,8.70823883780759,1.2252,1.015,3.42669284640959,1.1,Latin America & Caribbean
Belize,2009,241.48535156,1.1,1.17912035778933,1.8112,0.7658,2.520902564359,1.4,Latin America & Caribbean
Belize,2010,242.34942627,1.2,0.674157303370786,1.959,0.828,2.45178026956863,1.4,Latin America & Caribbean
Belize,2012,246.76046753,1.08,0.141497298687934,1.1036,1.145,2.32413036818372,1.4,Latin America & Caribbean
Belize,2014,292.44442749,1.27,0.0779256998958257,177.3062,0.5659,2.19127515015067,1.4,Latin America & Caribbean
Belize,2017,282.58279419,1.04,0.0269974236744265,185.314,1.1229,1.98239700826474,1.3,Latin America & Caribbean
Benin,2010,31.04154778,0.5,387.755028831686,0.452,0.0558,2.80597623284658,1.2,Sub-Saharan Africa
Bhutan,2012,85.97568512,1.74,0.157944411271838,1.049,0.2765,1.18793062766492,0.3,South Asia
Bolivia,2007,64.47034454,1.1,4.56578358107419,0.6084,0.3316,1.71989014906645,0.2,Latin America & Caribbean
Bolivia,2011,121.37858582,1.07,2.08921509613303,0.9928,0.4671,1.62235980079652,0.2,Latin America & Caribbean
Bolivia,2016,210.23809814,1.27,1.50055436592387,1.1179,1.5901,1.48019596651052,0.2,Latin America & Caribbean
Botswana,2003,267.4956665,2.2,1.6314901958397,2.5657,0.3033,1.7301852005081,25.3,Sub-Saharan Africa
Botswana,2007,311.03723145,2.4,1.03345997574385,3.0738,0.378,2.13120801829791,23.8,Sub-Saharan Africa
Botswana,2008,330.35922241,1.8,1.93459387701432,2.9317,0.3738,2.11967861163802,23.6,Sub-Saharan Africa
Botswana,2010,398.57070923,1.8,1.69194719667349,2.9269,0.4122,1.70592328995544,23.2,Sub-Saharan Africa
Brazil,2000,312.53927612,2.82,21.4404658439761,3.7709,1.1337,1.42416744229362,0.3,Latin America & Caribbean
Brazil,2001,270.18981934,2.78,12.9859226364675,2.9897,1.3895,1.36695595542708,0.3,Latin America & Caribbean
Brazil,2002,246.94700623,2.59,11.1726579816445,3.377,1.4181,1.31274754952678,0.4,Latin America & Caribbean
Brazil,2003,251.4379425,2.42,12.6167804960735,3.6596,1.475,1.25737996705435,0.4,Latin America & Caribbean
Brazil,2005,384.93200684,2.52,17.422174719209,3.7654,1.6663,1.14588477164177,0.4,Latin America & Caribbean
Brazil,2006,485.59933472,2.48,15.2935606110188,3.7603,1.7007,1.09019257285986,0.4,Latin America & Caribbean
Brazil,2007,602.68591309,2.47,13.8488276651135,6.5112,1.7306,1.03786468320243,0.4,Latin America & Caribbean
Brazil,2008,707.49121094,2.44,8.6114769978259,6.4453,1.7802,0.994310571973971,0.4,Latin America & Caribbean
Brazil,2010,896.69714355,2.37,9.8114849009818,7.3497,1.8139,0.937959306704135,0.5,Latin America & Caribbean
Brazil,2013,981.15283203,2.25,4.82214190696228,7.5635,1.882,0.873605695817564,0.5,Latin America & Caribbean
Brazil,2017,935.29919434,2.09,5.23457235372728,9.737,2.1652,0.807145245445964,0.5,Latin America & Caribbean
Burkina Faso,2006,21.35472488,0.9,493.776959764695,0.424,0.028,2.98900374182356,1.3,Sub-Saharan Africa
Burkina Faso,2010,33.91081619,0.4,551.238108859919,0.554,0.0457,3.01921284414061,1.1,Sub-Saharan Africa
Burundi,2011,25.13240814,1.9,184.145036516541,0.6667,0.0399,3.20771300738314,1.5,Sub-Saharan Africa
Burundi,2014,20.53392982,0.79,141.507558535644,0.6951,0.0619,3.13675679189263,1.4,Sub-Saharan Africa
Cambodia,2010,54.29156113,0.84,34.9051845550637,0.856,0.2302,1.53915213466393,0.8,East Asia & Pacific
Cambodia,2011,66.20181274,0.7,35.789103140387,0.8733,0.2263,1.58885279806388,0.8,East Asia & Pacific
Cambodia,2013,71.99204254,0.7,15.8853360410219,1.2942,0.4758,1.6498363404781,0.8,East Asia & Pacific
Cameroon,2010,48.31293106,1.3,295.526387875348,0.5267,0.0842,2.74773375136593,4.3,Sub-Saharan Africa
Colombia,2006,237.01751709,1,17.2953768654024,0.6976,1.4959,1.2887279460493,0.4,Latin America & Caribbean
Colombia,2007,305.99179077,1,18.3427998353005,0.7315,1.5192,1.23447805438202,0.4,Latin America & Caribbean
Colombia,2010,448.08776855,1.48,16.4283535449522,0.8674,1.5917,1.05064996242948,0.4,Latin America & Caribbean
Colombia,2011,497.38070679,1.45,8.31628553490388,0.9252,1.6966,0.968365031109833,0.4,Latin America & Caribbean
Colombia,2012,543.07000732,1.48,8.25194306810216,0.9881,1.74,0.900335047336095,0.4,Latin America & Caribbean
Colombia,2013,576.70123291,1.54,7.02469660276113,1.0465,1.8431,0.906920982436048,0.4,Latin America & Caribbean
Colombia,2014,583.05889893,1.59,5.48401184163416,1.1087,1.8534,1.0104897504141,0.4,Latin America & Caribbean
Colombia,2015,464.63497925,1.61,6.9394021109158,1.1652,1.9742,1.1704451989867,0.4,Latin America & Caribbean
Colombia,2016,442.13824463,1.68,10.8339751209552,1.2215,2.0335,1.3676499516175,0.4,Latin America & Caribbean
Colombia,2017,489.64459229,1.7,7.4770851899909,1.2714,2.1064,1.51374743470421,0.4,Latin America & Caribbean
Costa Rica,2000,248.75341797,1.65,1.35488946366135,0.9219,1.3133,1.96089336581932,0.1,Latin America & Caribbean
Costa Rica,2006,362.50491333,1.32,1.90874201211522,1.5168,2.0415,1.3884482267604,0.2,Latin America & Caribbean
Costa Rica,2007,427.04202271,1.3,0.79332182595051,1.5793,2.0905,1.35327052609353,0.2,Latin America & Caribbean
Costa Rica,2008,515.43334961,1.25,0.618401081113608,1.6618,2.1577,1.31933929397204,0.2,Latin America & Caribbean
Costa Rica,2009,534.57446289,1.24,0.165586143347039,1.7632,2.2178,1.28267308507895,0.2,Latin America & Caribbean
Costa Rica,2010,660.58642578,1.24,0.0686607838939278,1.8628,2.3057,1.24493397923295,0.2,Latin America & Caribbean
Costa Rica,2011,749.6449585,1.23,0.00616682494850701,1.9231,2.3721,1.20983529009945,0.2,Latin America & Caribbean
Costa Rica,2012,784.48297119,1.2,0.00365675057487166,2.0318,2.4578,1.17835234575071,0.2,Latin America & Caribbean
Costa Rica,2013,825.39324951,1.18,1,2.1666,1.1411,1.14757030077983,0.3,Latin America & Caribbean
Costa Rica,2014,831.3001709,1.17,1,2.394,2.6434,1.1172644537537,0.3,Latin America & Caribbean
Costa Rica,2015,883.91546631,1.16,1,2.6577,1.3794,1.0870985434196,0.3,Latin America & Caribbean
Costa Rica,2016,878.88891602,1.15,0.00233267843386303,3.0053,1.3759,1.05736605443833,0.3,Latin America & Caribbean
Costa Rica,2017,861.32006836,1.14,0.00692647089381489,3.1798,2.9533,1.02787999000234,0.3,Latin America & Caribbean
Djibouti,2004,40.28805161,1.61,4.18569846034733,0.3836,0.1672,1.56216645902997,2.9,Middle East & North Africa
Djibouti,2005,40.95962524,1.61,4.06215471259319,0.5746,0.1788,1.49843913434668,2.7,Middle East & North Africa
Djibouti,2010,56.2014122,1.42,1.60297868355772,0.8,0.229,1.48370781049189,1.8,Middle East & North Africa
Djibouti,2014,73.12316895,1.4,14.005323773885,0.7288,0.2237,1.72966983945298,1.3,Middle East & North Africa
Dominican Republic,2011,335.00128174,1.74,0.386289104834201,1.3629,1.5268,1.2107997611352601,1.1,Latin America & Caribbean
Dominican Republic,2017,443.67068481,1.56,0.0602676886961474,1.1697,1.56,1.10348624035038,0.9,Latin America & Caribbean
Ecuador,2002,96.82357788,1.5,226.504205980795,1.6273,1.5667,1.75615767005049,0.3,Latin America & Caribbean
Ecuador,2003,131.59963989,1.7,133.630546764917,1.5237,1.4974,1.70646301299709,0.3,Latin America & Caribbean
Ecuador,2009,272.46380615,1.6,9.56904460521885,1.8792,1.5983,1.62863212383321,0.3,Latin America & Caribbean
Ecuador,2010,330.00054932,1.59,4.27703090389139,1.6594,2.1111,1.58940945340249,0.3,Latin America & Caribbean
Ecuador,2011,409.03677368,1.62,2.74403077636487,2.0753,1.6582,1.5387578951487,0.3,Latin America & Caribbean
Ecuador,2015,525.99731445,1.57,1.30807492856387,2.5124,2.0648,1.61793842153926,0.3,Latin America & Caribbean
Ecuador,2016,502.74447632,1.39,2.47823481430926,2.854,2.0368,1.70687458770944,0.3,Latin America & Caribbean
"Egypt, Arab Rep.",2010,113.24819946,1.73,1,3.52,2.83,1.98480507963281,0.1,Middle East & North Africa
"Egypt, Arab Rep.",2014,167.24708557,1.56,1,1.9549,1.138,2.25925135870425,0.1,Middle East & North Africa
"Egypt, Arab Rep.",2015,183.43261719,1.56,1,1.9412,0.8217,2.20702533886058,0.1,Middle East & North Africa
"Egypt, Arab Rep.",2016,153.48695374,1.43,1,1.9252,0.8214,2.14522226806526,0.1,Middle East & North Africa
"Egypt, Arab Rep.",2017,113.97537994,1.43,1,1.9271,0.7993,2.09083266789985,0.1,Middle East & North Africa
El Salvador,2005,204.89703369,0.9,0.0545344588594484,0.3457,1.711,0.469082938733706,0.5,Latin America & Caribbean
El Salvador,2008,224.84251404,0.8,0.0265113902573051,0.4794,1.8823,0.42421860025302,0.5,Latin America & Caribbean
El Salvador,2010,245.70858765,1,0.0151354985593395,0.405,1.596,0.424566261779668,0.5,Latin America & Caribbean
El Salvador,2016,293.25802612,1.06,0.00930019879174917,1.8039,1.5662,0.489163801354667,0.5,Latin America & Caribbean
Ethiopia,2004,5.88065052,0.2,218.763138740244,0.2094,0.0269,2.82639638125662,1.9,Sub-Saharan Africa
Ethiopia,2006,8.66179371,0.2,145.509201630745,0.2274,0.0269,2.7681398970847,1.7,Sub-Saharan Africa
Ethiopia,2008,13.45180225,0.2,90.6557007213517,0.2022,0.0251,2.74102992691886,1.5,Sub-Saharan Africa
"Gambia, The",2005,35.80473328,0.8,335.949266232441,0.4742,0.1075,3.10661969198418,1.9,Sub-Saharan Africa
Georgia,2000,51.85281754,4.81,5.61656083079251,4.7013,3.8371,-1.9446291567975,0.1,Europe & Central Asia
Georgia,2001,55.22227478,4.45,10.1933952384277,4.3074,3.7156,-1.55123839698929,0.1,Europe & Central Asia
Georgia,2002,64.06044006,4.2,11.1306798168369,4.2638,3.8069,-0.89725367267161,0.1,Europe & Central Asia
Georgia,2003,77.73462677,4.19,7.45476420769539,4.2329,3.8267,-0.675365805865971,0.1,Europe & Central Asia
Georgia,2004,100.87417603,4.12,6.08168867433385,4.1649,3.8009,-0.619262410024726,0.1,Europe & Central Asia
Georgia,2005,126.44508362,3.92,3.68162276430489,4.1414,3.8164,-0.635292218459481,0.1,Europe & Central Asia
Georgia,2006,145.05230713,3.74,1.40821538534979,3.9943,3.8683,-0.568484712403705,0.1,Europe & Central Asia
Georgia,2007,186.61778259,3.32,0.575981568589805,3.9067,3.9027,-0.521646734447263,0.1,Europe & Central Asia
Georgia,2008,268.14035034,3.21,0.144836576063342,3.9374,4.0001,-0.303790529341209,0.1,Europe & Central Asia
Georgia,2009,257.06176758,3.09,0.0242753799096956,3.8959,4.2219,-0.888185042750245,0.1,Europe & Central Asia
Georgia,2010,271.0166626,2.99,1,3.9499,4.4466,-0.729475256932528,0.1,Europe & Central Asia
Georgia,2011,296.68869019,2.81,1,3.9363,4.5004,-0.802164039694326,0.1,Europe & Central Asia
Georgia,2012,326.47607422,2.53,1,3.7221,4.4868,-0.736565518814038,0.2,Europe & Central Asia
Georgia,2013,334.6890564,2.59,1,3.7837,4.5145,-0.300972141406188,0.2,Europe & Central Asia
Georgia,2014,345.25598145,2.89,1,3.8203,4.7754,0.0469539002549217,0.2,Europe & Central Asia
Ghana,2009,67.71266937,0.9,351.393696141685,1.192,0.0841,2.5438215148128,1,Sub-Saharan Africa
Guatemala,2009,168.18478394,0.6,0.766588474950646,0.8698,0.9039,1.88106343818981,0.4,Latin America & Caribbean
Guinea-Bissau,2009,39.16440582,1,113.795218071055,0.7022,0.0836,2.52390177053107,1,Sub-Saharan Africa
Guyana,2009,154.46517944000001,1,26.8496946709856,1.3227,0.2153,0.12084043776661,1.4,Latin America & Caribbean
Honduras,2010,166.16116333,0.8,1.7661320486999,0.8598,0.295,2.02441331695389,0.4,Latin America & Caribbean
Honduras,2013,178.24165344,0.65,0.918100008532295,0.7069,0.9839,1.81013079423251,0.3,Latin America & Caribbean
Honduras,2016,180.16775513,0.64,0.741887201469294,0.7416,0.5982,1.71775974956218,0.3,Latin America & Caribbean
Honduras,2017,171.51489258,0.64,0.219651503453657,0.7378,0.3089,1.69227148219463,0.3,Latin America & Caribbean
Indonesia,2009,65.10107422,0.59,7.30436658025696,0.9994,0.1448,1.32921737939261,0.3,East Asia & Pacific
Indonesia,2010,92.45002747,0.57,11.0219758554771,1.1014,0.1395,1.3377824768766,0.3,East Asia & Pacific
Indonesia,2012,107.24232483,0.83,9.68093542715507,1.4352,0.3075,1.35169978721169,0.3,East Asia & Pacific
Indonesia,2013,107.29182434,0.99,8.13022158857219,1.9704,0.3118,1.34077086414715,0.3,East Asia & Pacific
Indonesia,2015,99.65550232,0.98,5.3844046094674,1.299,0.2738,1.26782970253157,0.3,East Asia & Pacific
Indonesia,2017,110.04980469,1.04,6.77378967012208,2.0532,0.3767,1.17619742367279,0.4,East Asia & Pacific
"Iran, Islamic Rep.",2004,142.40454102,1.63,19.6246315323144,1.3961,0.8817,1.20860369914445,0.1,Middle East & North Africa
"Iran, Islamic Rep.",2005,174.84387207,1.72,26.6170047940361,1.4051,0.8869,1.16942405470936,0.1,Middle East & North Africa
"Iran, Islamic Rep.",2006,199.80201721,1.72,22.0760262320196,1.689,0.5361,1.1294694920759,0.1,Middle East & North Africa
"Iran, Islamic Rep.",2010,445.66363525,1.74,2.45152042048818,1.41,0.89,1.14215042395487,0.1,Middle East & North Africa
"Iran, Islamic Rep.",2014,387.37609863,1.5,0.452457234576327,1.5641,1.5044,1.27812132080551,0.1,Middle East & North Africa
"Iran, Islamic Rep.",2015,379.27563477,1.5,0.208302410196091,1.8907,1.1526,1.31632102523348,0.1,Middle East & North Africa
"Iran, Islamic Rep.",2017,478.36148071,1.56,0.0728438228438228,2.6286,1.1292,1.38533380166753,0.1,Middle East & North Africa
Kazakhstan,2000,50.99633026,7.19,1,6.1736,3.2804,-0.300201486690526,0.1,Europe & Central Asia
Kazakhstan,2001,51.56954956,6.97,1,6.4542,3.4399,-0.170069526322763,0.1,Europe & Central Asia
Kazakhstan,2002,59.46535873,7.02,1,6.6463,3.583,0.00412554539450457,0.1,Europe & Central Asia
Kazakhstan,2003,76.02937317,7.7,1,6.6749,3.6168,0.336408913793247,0.1,Europe & Central Asia
Kazakhstan,2004,112.70569611,7.77,1,6.7799,3.5907,0.694909484311257,0.1,Europe & Central Asia
Kazakhstan,2005,144.70140076,7.76,1,6.881,3.6038,0.888898042702025,0.1,Europe & Central Asia
Kazakhstan,2006,177.00895691,7.78,1,7.2726,3.6983,1.05767130866502,0.1,Europe & Central Asia
Kazakhstan,2007,180.50115967,7.72,1,7.384,3.6547,1.14385123349431,0.1,Europe & Central Asia
Kazakhstan,2008,256.54428101,7.71,1,7.101,3.7161,1.87296209612182,0.1,Europe & Central Asia
Kazakhstan,2009,251.49954224,7.61,1,7.6328,3.7808,1.98240805691531,0.1,Europe & Central Asia
Kazakhstan,2010,249.2689209,7.29,1,7.7215,3.9278,1.41327147745347,0.1,Europe & Central Asia
Kazakhstan,2011,303.98086548,7.11,1,7.9204,3.9483,1.43151244887822,0.1,Europe & Central Asia
Kazakhstan,2012,377.12728882,7.01,1,8.0644,3.9108,1.40867688701824,0.2,Europe & Central Asia
Kazakhstan,2013,370.09402466,6.72,1,8.0253,3.9508,1.43944535624798,0.2,Europe & Central Asia
Kazakhstan,2014,380.66009521,6.06,1,7.2002,3.98,1.47267087305755,0.2,Europe & Central Asia
Kenya,2010,58.21165848,1.4,67.7103660744612,0.7061,0.1696,2.7225900011839,5.7,Sub-Saharan Africa
Kyrgyz Republic,2000,12.29036808,7.04,0.00312650218659747,7.9535,2.8043,1.19112592398474,0.1,Europe & Central Asia
Kyrgyz Republic,2001,13.16161728,6.15,0.00723324689603293,7.4228,2.6959,0.948856613551314,0.1,Europe & Central Asia
Kyrgyz Republic,2002,14.77255917,5.53,0.704534293328731,7.0097,2.5862,0.917899316903102,0.1,Europe & Central Asia
Kyrgyz Republic,2003,22.32097054,5.31,0.119675984942306,6.8256,2.5735,1.0484449238834,0.1,Europe & Central Asia
Kyrgyz Republic,2004,27.23155403,5.14,0.0236616174979951,6.5979,2.561,1.21010542490902,0.1,Europe & Central Asia
Kyrgyz Republic,2005,36.11393356,5.12,0.0570885111897271,6.338,2.5167,1.12786445855189,0.1,Europe & Central Asia
Kyrgyz Republic,2006,45.97068405,5.09,0.0793091844789174,6.0151,2.4489,1.07505129401544,0.1,Europe & Central Asia
Kyrgyz Republic,2007,50.84462738,5.06,0.0237399349476324,5.8821,2.358,0.953586964300523,0.1,Europe & Central Asia
Kyrgyz Republic,2008,63.82300568,5.01,0.00439144887316642,5.705,2.3528,0.950220144755314,0.1,Europe & Central Asia
Kyrgyz Republic,2009,60.65092087,4.83,9.61290744308197e-4,5.6802,2.3409,1.20726564406139,0.1,Europe & Central Asia
Kyrgyz Republic,2010,61.45378494,4.76,7.09321812686079e-4,5.6459,2.3394,1.19286442880631,0.1,Europe & Central Asia
Kyrgyz Republic,2011,79.82953644,4.7,1,5.8392,2.286,1.21689072909974,0.1,Europe & Central Asia
Kyrgyz Republic,2012,99.98524475,4.64,1,5.9339,2.2623,1.66523655939962,0.1,Europe & Central Asia
Kyrgyz Republic,2013,104.78458405,4.51,1,6.371,2.2614,1.98473866725772,0.1,Europe & Central Asia
Kyrgyz Republic,2014,94.01564789,4.41,1,5.9445,2.213,2.0061078993716,0.2,Europe & Central Asia
Lao PDR,2005,17.68591881,1.2,12.955413370008,0.9952,0.2806,1.56787840728204,0.2,East Asia & Pacific
Lao PDR,2010,34.97488022,0.7,15.7408492321016,0.8572,0.7809,1.62205058536827,0.3,East Asia & Pacific
Lao PDR,2012,32.83571243,1.5,28.7628466006366,0.866,0.18,1.51601262173813,0.3,East Asia & Pacific
Liberia,2009,44.75388718,0.7,368.813644922697,0.9041,0.024,3.97406706153879,1.8,Sub-Saharan Africa
Liberia,2010,45.5770874,0.8,345.772181786457,0.4638,0.0231,3.59016390667023,1.7,Sub-Saharan Africa
Madagascar,2002,15.12862587,0.4199999869,53.6797167357327,0.3129,0.1362,3.0535174409737,0.1,Sub-Saharan Africa
Madagascar,2005,16.50335312,0.3,35.943556323753,0.35,0.1801,2.95391827877039,0.1,Sub-Saharan Africa
Madagascar,2010,21.95882225,0.2,42.2444784423335,0.2233,0.1953,2.79267649390527,0.1,Sub-Saharan Africa
Malaysia,2010,292.00302124,1.8,4.60329994744403,3.1976,1.1691,1.69100946649984,0.4,East Asia & Pacific
Malaysia,2011,352.26922607,1.79,3.4501473773121,3.3875,1.2777,1.55804019772355,0.4,East Asia & Pacific
Malaysia,2012,382.66152954,1.9,3.14949252920075,3.8141,1.332,1.44573944701104,0.4,East Asia & Pacific
Malaysia,2015,379.90048218,1.86,0.199861583465336,3.3595,1.5358,1.3448002213693,0.4,East Asia & Pacific
Mali,2008,35.02916718,0.6,379.058733370092,0.297,0.049,3.32912033840782,1.4,Sub-Saharan Africa
Mali,2010,33.20299911,0.1,383.60342691167,0.4462,0.1021,3.15863381986127,1.3,Sub-Saharan Africa
Mexico,2000,318.46151733,1.05,3.52396102756605,0.8966,1.9808,1.4410967038977,0.2,Latin America & Caribbean
Mexico,2004,445.62039185,1.07,1.53691067417403,3.98,2.893,1.38146893230283,0.3,Latin America & Caribbean
Mexico,2005,483.09536743,1.05,1.31999604935459,2.2053,1.7651,1.4158169793862,0.3,Latin America & Caribbean
Mexico,2006,512.83319092,1.02,1.10229073904779,2.2215,1.881,1.4562132376675,0.3,Latin America & Caribbean
Mexico,2007,556.0402832,1.06,1.01993605635957,2.2832,1.9215,1.48606353186843,0.3,Latin America & Caribbean
Mexico,2008,570.83050537,1.03,1.00309525319324,2.3066,1.9494,1.49536909755127,0.3,Latin America & Caribbean
Mexico,2009,490.56585693,1.02,1.13348351395824,2.3624,1.979,1.47675580253545,0.3,Latin America & Caribbean
Mexico,2010,553.9777832,1.05,0.506773444575478,2.4118,2.2362,1.43814066910139,0.3,Latin America & Caribbean
Mexico,2011,581.71026611,1.04,0.458175954241103,2.5093,2.1004,1.39478996981758,0.3,Latin America & Caribbean
Mexico,2012,598.34881592,1.03,0.334984664297511,2.5488,2.1118,1.35529442643505,0.3,Latin America & Caribbean
Mexico,2013,637.15966797,1.03,0.196458897821926,2.8044,2.1568,1.31555760676608,0.3,Latin America & Caribbean
Mexico,2014,614.97424316,1.03,0.257052284277883,2.2237,2.207,1.27768636604222,0.3,Latin America & Caribbean
Mexico,2015,556.86657715,1,0.200086536459482,2.4174,2.3246000000000002,1.24116450246976,0.3,Latin America & Caribbean
Mexico,2016,490.79937744,1,0.210694565533275,2.5101,2.3244,1.20325950587092,0.3,Latin America & Caribbean
Mexico,2017,512.06567383,0.99,0.278231521136334,2.5076,2.3827,1.16396694963579,0.3,Latin America & Caribbean
Morocco,2004,93.63453674,0.87,3.32058273836239e-5,0.8078,0.531,1.10960287730585,0.1,Middle East & North Africa
Morocco,2009,169.95036316,1.13,1,0.9298,0.6477,1.23620726338632,0.1,Middle East & North Africa
Morocco,2010,169.00949097,1.13,1,0.89,0.62,1.2892074374743001,0.1,Middle East & North Africa
Morocco,2013,180.20198059,0.85,1,0.9725,0.632,1.41526843050764,0.1,Middle East & North Africa
Morocco,2014,170.74113464,1.1,1,0.944,0.9135,1.40384162655748,0.1,Middle East & North Africa
Morocco,2017,161.45051575,1,1,1.3887,0.7308,1.28696129912794,0.1,Middle East & North Africa
Mozambique,2006,17.79965973,0.8,403.934742649326,0.3383,0.026,2.82012486466652,11.2,Sub-Saharan Africa
Mozambique,2011,29.33419418,0.7,389.921571059432,0.3928,0.0524,2.74931744330296,11.9,Sub-Saharan Africa
Nepal,2012,34.3300705,0.3,2.34211886384068,1.598,0.5159,-0.192706459257694,0.2,South Asia
Nicaragua,2003,61.17759705,0.8999999762,3.68268079421576,1.1077,0.3864,1.3850085338443,0.2,Latin America & Caribbean
Nicaragua,2005,72.34895325,0.9,3.54341206318664,1.1573,0.4996,1.36552623135137,0.2,Latin America & Caribbean
Nicaragua,2006,77.98773193,1,1.63830960353572,1.1578,0.4924,1.3707651208829,0.2,Latin America & Caribbean
Nicaragua,2007,92.37856293,0.9,0.703671797965458,1.1824,0.5265,1.37448519055655,0.2,Latin America & Caribbean
Nicaragua,2008,107.45199585,0.9,0.390083392957479,1.2916,0.6486,1.37457169836337,0.2,Latin America & Caribbean
Nicaragua,2010,115.95102692,0.8,0.344584109401521,1.2647,0.7278,1.35737160705997,0.2,Latin America & Caribbean
Nicaragua,2011,123.3549881,1.14,0.454462895491387,1.3657,0.8137,1.34693557935178,0.2,Latin America & Caribbean
Nicaragua,2012,131.83006287,0.96,0.598919799890326,1.3695,0.8605,1.33769299842878,0.2,Latin America & Caribbean
Nicaragua,2013,138.38568115,0.95,0.555879283123565,1.3597,0.8981,1.32724327889097,0.2,Latin America & Caribbean
Nicaragua,2014,154.28338623,0.93,0.53929124599028,1.3549,0.8946,1.31539317229669,0.2,Latin America & Caribbean
Nicaragua,2015,163.22993469,0.93,1.06242188751065,1.3667,0.9312,1.30197873969913,0.2,Latin America & Caribbean
Nicaragua,2016,169.6340332,0.93,2.88660438220197,1.4661,0.9537,1.28898863383271,0.2,Latin America & Caribbean
Nicaragua,2017,180.3273468,0.93,4.97527254382248,1.5524,0.9895,1.27473066409974,0.2,Latin America & Caribbean
Niger,2010,23.85829926,0.35,425.637533956611,0.137,0.019,3.84416665603582,0.4,Sub-Saharan Africa
Niger,2015,25.87792969,0.31,369.829848648085,0.2038,0.0472,3.88145154449419,0.3,Sub-Saharan Africa
Pakistan,2000,15.58189678,0.67,7.32916568222168,0.4219,0.6451,2.64739931502914,0.1,South Asia
Pakistan,2001,13.58520126,0.66,7.2312352930249,0.4297,0.6593,2.52149866831143,0.1,South Asia
Pakistan,2004,15.63451576,0.68,4.43829874590239,0.4581,0.7423,2.30598367710782,0.1,South Asia
Pakistan,2008,25.72966003,0.6,4.52623131491802,0.5297,0.7806,2.26305004896445,0.1,South Asia
Pakistan,2009,24.05052757,0.6,5.88598896553601,0.5443,0.7951,2.23333573207748,0.1,South Asia
Pakistan,2010,25.25600243,0.6,8.19588056125339,0.5595,0.8076,2.19703454391766,0.1,South Asia
Pakistan,2011,27.06708717,0.6,10.5742475330674,0.4237,0.8311,2.1587965238654,0.1,South Asia
Pakistan,2012,27.04106331,0.6,8.97569486009249,0.4385,0.859,2.12622217687153,0.1,South Asia
Pakistan,2013,29.97559357,0.6,7.54785619238679,0.5279,0.8771,2.10324458397736,0.1,South Asia
Pakistan,2014,34.69661713,0.6,7.15240241176694,0.4622,0.8972,2.09245641637654,0.1,South Asia
Pakistan,2015,35.98087311,0.6,5.06276618595012,0.4752,0.9262,2.08855182687829,0.1,South Asia
Pakistan,2016,38.91104126,0.63,6.00661911167618,0.4873,0.962,2.08632617723589,0.1,South Asia
Pakistan,2017,42.25715637,0.63,4.75057388237034,0.5986,1.0005,2.07757838708128,0.1,South Asia
Panama,2002,291.9536438,2.5,0.775610575875262,1.9164,1.3346,1.90919616917819,0.6,Latin America & Caribbean
Panama,2004,326.21090698,2.4,1.69623940719832,1.9909,1.3216,1.86162107227921,0.7,Latin America & Caribbean
Panama,2005,304.47799683,2.2,1.19841217370738,2.0044,1.3477,1.844594481936,0.7,Latin America & Caribbean
Panama,2006,350.74438477,2.3,0.533644275347036,2.0031,1.3489,1.82843415437771,0.7,Latin America & Caribbean
Panama,2010,572.6137085,2.3,0.124856167114304,2.4765,1.4058,1.75791916002705,0.8,Latin America & Caribbean
Panama,2011,616.99951172,2.27,0.103743523698981,2.3146,1.4976,1.7359675150347,0.8,Latin America & Caribbean
Panama,2013,790.77667236,2.3,0.2023967439727,2.9306,1.5821,1.70425637555166,0.9,Latin America & Caribbean
Panama,2016,1050.24365234,2.25,0.207138839095625,2.9863,1.5687,1.71342547401684,0.9,Latin America & Caribbean
Paraguay,2002,54.52845001,1.2000000477,13.9492844589505,1.8548,1.1488,1.88896533012197,0.4,Latin America & Caribbean
Peru,2007,158.85267639,1.2,5.62834147110772,3.587,1.6648,0.818626243389892,0.3,Latin America & Caribbean
Peru,2009,208.8805542,1.6,4.60133969860097,1.3084,0.9472,0.803219606503164,0.3,Latin America & Caribbean
Peru,2010,242.19200134,1.5,3.3198055358277,1.271,0.92,0.812925977468265,0.3,Latin America & Caribbean
Peru,2012,310.91369629,1.52,3.48921339753709,1.5259,1.1411,0.825158485436818,0.3,Latin America & Caribbean
Peru,2016,318.45950317,1.59,5.99642483463028,2.1761,1.3048,1.48315720541552,0.3,Latin America & Caribbean
Philippines,2001,28.20890999,1,2.4414502245456,4.2981,1.2201,2.13259721715136,0.1,East Asia & Pacific
Philippines,2002,27.33049011,0.5,2.56236442258042,4.2675,1.1107,2.10192867951874,0.1,East Asia & Pacific
Philippines,2006,54.86775589,1.07,2.32968078722004,4.4048,1.2361,1.79372218827953,0.1,East Asia & Pacific
Philippines,2007,65.47948456,1.05,2.17157342571616,4.6536,1.2441,1.71110434098395,0.1,East Asia & Pacific
Philippines,2008,77.18696594,1.04,1.41353330703563,5.1221,1.2558,1.65996399032321,0.1,East Asia & Pacific
Philippines,2009,79.30064392,1.06,1.0931345534099,5.647,1.2632,1.64985843674273,0.1,East Asia & Pacific
Philippines,2010,91.60559845,1.06,0.978573131487163,3.3348,1.2717,1.6661133640265,0.1,East Asia & Pacific
Rwanda,2004,20.55388832,1.7,126.803061016188,0.413,0.049,1.43126145069821,3.7,Sub-Saharan Africa
Saudi Arabia,2000,386.25921631,2.3,3.99203284969404,1.7661,0.7235,2.29734876534761,0.1,Middle East & North Africa
Saudi Arabia,2004,400.87582397,2.24,0.664844101613218,2.97,1.37,2.96600342613357,0.1,Middle East & North Africa
Saudi Arabia,2007,587.97845459,2.2,0.231481940443216,3.632,1.622,2.762800178975,0.1,Middle East & North Africa
Saudi Arabia,2008,596.52648926,2.21,0.0294142324380155,3.9129,2.0626,2.75679467813432,0.1,Middle East & North Africa
Saudi Arabia,2009,691.32269287,2.17,0.0271886002886679,4.1629,2.076,2.82495712979043,0.1,Middle East & North Africa
Saudi Arabia,2010,702.67108154,2.2,0.0132020773696363,4.7332,2.4074,2.92764323588465,0.1,Middle East & North Africa
Saudi Arabia,2011,881.39575195,2.14,0.0304716077482674,4.7628,2.4607,3.03897438018909,0.1,Middle East & North Africa
Saudi Arabia,2012,1014.699646,2.09,0.0351105253647855,4.7917,2.453,3.09072464553231,0.1,Middle East & North Africa
Saudi Arabia,2014,1278.9765625,2.65,0.0121133567928677,5.2014,2.5654,2.83622090250505,0.1,Middle East & North Africa
Saudi Arabia,2016,1160.04992676,2.23,0.10465909991635,5.6705,2.3776,2.2624230012955,0.1,Middle East & North Africa
Saudi Arabia,2017,1456.9395752,2.24,0.0667487512892502,5.4627,2.5366,2.00706639082931,0.1,Middle East & North Africa
Senegal,2008,49.03627014,0.3,86.4239839396237,0.4377,0.0617,2.68144527622377,0.7,Sub-Saharan Africa
South Africa,2004,329.23864746,2.87,2.83327211740095,3.9005,0.7365,1.21776220298327,15.4,Sub-Saharan Africa
South Africa,2007,392.03070068,2.41,1.28807632610583,0.8262,0.6988,1.29149827532559,16.5,Sub-Saharan Africa
South Africa,2008,377.08743286,2.39,1.56610747362316,0.8776,0.6968,1.3341170229958,16.9,Sub-Saharan Africa
South Africa,2010,543.44128418,2.3,1.57369746271548,1.0225,0.7341,1.45528193348191,17.7,Sub-Saharan Africa
Sri Lanka,2000,43.71691132,2.9,48.6330964569495,1.1918,0.4241,0.610633602585677,0.1,South Asia
Sri Lanka,2001,41.32370377,1,15.2934790630244,0.8353,0.4433,0.711721622429264,0.1,South Asia
Sri Lanka,2004,50.92406845,3.1,0.834259353740543,1.7142,0.5405,0.844925912065483,0.1,South Asia
Sri Lanka,2010,108.27518463,3.51,0.146774848026876,1.7455,0.7239,0.684559602845539,0.1,South Asia
Sri Lanka,2012,113.44898224,3.6,0.00487030484085008,1.8325,0.7645,0.129846810394944,0.1,South Asia
Sri Lanka,2017,158.7149353,4.15,1,1.9966,0.9277,1.13022048648777,0.1,South Asia
Sudan,2004,32.12231064,0.71,52.4322198421411,1.0424,0.2499,2.52606883804909,0.2,Sub-Saharan Africa
Sudan,2006,61.05639648,0.73,46.6938670368454,1.0534,0.35,2.27543686612699,0.2,Sub-Saharan Africa
Sudan,2007,90.58113861,0.73,41.0777989135498,1.0043,0.3503,2.18305556388922,0.2,Sub-Saharan Africa
Sudan,2008,92.22037506,0.73,35.0475928563711,0.9812,0.3271,2.14074008464901,0.2,Sub-Saharan Africa
Sudan,2010,93.45315552,0.72,30.6644542103819,0.84,0.28,2.22824511570542,0.2,Sub-Saharan Africa
Sudan,2014,116.93514252,8.01,33.3845766209327,1.2014,0.1903,2.41210746724027,0.2,Sub-Saharan Africa
Sudan,2015,158.89530945,0.67,35.8794917033023,0.8245,0.4073,2.40720186967684,0.2,Sub-Saharan Africa
Sudan,2017,192.60665894,0.74,46.7519269040034,0.6952,0.2618,2.39524232580927,0.2,Sub-Saharan Africa
Suriname,2000,168.91874695,3.9,163.331320624515,1.461,0.4056,1.18849148229012,1,Latin America & Caribbean
Suriname,2004,221.22236633,3.1,114.899336222503,5.2258,0.8102,1.1699185411423,1.3,Latin America & Caribbean
Suriname,2009,394.90219116,2.6,30.8038776646001,3.0625,0.7054,1.1518678453081,1.4,Latin America & Caribbean
Suriname,2015,532.49725342,3.05,0.980819529206626,2.0873,1.0463,1.05321474744821,1.3,Latin America & Caribbean
Suriname,2017,335.10848999,1,0.474709833614203,1.9281,1.1849,0.989629209249985,1.2,Latin America & Caribbean
Syrian Arab Republic,2000,54.21872711,1.4,3.65611841972569e-4,1.9544,1.3654,2.44796785515457,0.1,Middle East & North Africa
Syrian Arab Republic,2001,58.47392654,1.4,0.00375748029335782,1.941,1.399,2.14436097366638,0.1,Middle East & North Africa
Syrian Arab Republic,2002,63.93671417,1.38,8.77982242282361e-4,1.9606,1.4676,1.87929834690516,0.1,Middle East & North Africa
Syrian Arab Republic,2003,61.29418945,1.49,1.14842114486793e-4,1.8506,1.4053,1.91650801550182,0.1,Middle East & North Africa
Syrian Arab Republic,2004,61.67289352,1.49,5.60920857039952e-5,1.9132,1.4522,2.34163592008515,0.1,Middle East & North Africa
Syrian Arab Republic,2005,63.559822080000004,1.28,1,1.8846,1.5384,2.94779931535795,0.1,Middle East & North Africa
Syrian Arab Republic,2006,65.62462616,1.47,1,1.4,0.53,3.73143709504919,0.1,Middle East & North Africa
Syrian Arab Republic,2007,75.41347504,1.47,1,1.8904,1.4882,4.20736060236829,0.1,Middle East & North Africa
Syrian Arab Republic,2008,86.41690063,1.54,1,1.8423,1.4858,3.87683250172363,0.1,Middle East & North Africa
Syrian Arab Republic,2009,90.49646759,1.51,1,1.8429,1.4113,2.58833252690427,0.1,Middle East & North Africa
Syrian Arab Republic,2010,92.73750305,1.54,1,1.8749,1.4602,0.736079607629261,0.1,Middle East & North Africa
Tajikistan,2000,5.97125244,6.54,9.18192532412957,4.1816,2.1717,1.56723465363582,0.1,Europe & Central Asia
Tajikistan,2001,7.67240763,6.4,5.3957056115907,3.8946,2.1241,1.63038812768161,0.1,Europe & Central Asia
Tajikistan,2002,8.35373688,6.27,2.86969310588841,3.86,2.041,1.70028177768677,0.1,Europe & Central Asia
Tajikistan,2003,11.17181587,6.12,2.48435037761851,3.5649,1.9396,1.76879018000987,0.1,Europe & Central Asia
Tajikistan,2004,14.93279171,6.04,1.61241179595171,3.5267,1.9512,1.83042886865691,0.1,Europe & Central Asia
Tajikistan,2005,17.73142815,5.87,1.01824281894064,3.464,1.9548,1.88720655667795,0.1,Europe & Central Asia
Tajikistan,2006,20.43570137,6.12,0.581278423282277,3.5069,1.9166,1.94394823621184,0.1,Europe & Central Asia
Tajikistan,2007,29.1230545,5.44,0.269189844548164,3.5224,1.8962,2.00327651488055,0.1,Europe & Central Asia
Tajikistan,2008,42.08819199,5.3,0.132053548959891,3.5568,1.9292,2.06356681152108,0.1,Europe & Central Asia
Tajikistan,2009,39.5818634,5.19,0.066671355343282293,3.5968,1.6439,2.12469662451,0.1,Europe & Central Asia
Tajikistan,2010,42.9864502,5.08,0.0441501103752759,3.9512,1.6975,2.18439215473896,0.1,Europe & Central Asia
Tajikistan,2011,49.65073395,4.95,0.0252823159534914,4.0568,1.7209,2.2347212083873,0.1,Europe & Central Asia
Tajikistan,2012,57.97858429,4.83,0.00684359904873973,4.3959,2.877,2.27761028692613,0.2,Europe & Central Asia
Tajikistan,2013,68.94046021,4.76,0.00111442673702909,5.015,2.8691,2.32138959348237,0.2,Europe & Central Asia
Tajikistan,2014,74.59780884,4.67,7.25572512991376e-4,4.7534,2.1026,2.3669420480681,0.2,Europe & Central Asia
Tanzania,2010,37.532478330000004,0.7,145.456560165742,0.242,0.008,2.91188894130246,5.2,Sub-Saharan Africa
Thailand,2000,62.2649498,2.2,6.57633363686544,2.831,0.368,1.0444225744895,2.1,East Asia & Pacific
Thailand,2002,69.9021225,2.2,3.66470171318533,1.3217,0.2964,0.830519827451946,1,East Asia & Pacific
Thailand,2010,172.0929718,2.1,2.54723861061623,2.0643,0.3906,0.489622687570703,1.6,East Asia & Pacific
Timor-Leste,2009,49.46465683,5.9,102.073881406526,1.1319,0.044,1.77098830008296,0.1,East Asia & Pacific
Timor-Leste,2010,52.1896553,5.9,99.7400976019555,1.1477,0.079,1.77428525606029,0.1,East Asia & Pacific
Uganda,2004,31.77279472,0.7,457.234585944753,0.7072,0.0824,3.18482822906835,7.2,Sub-Saharan Africa
Uganda,2005,39.42023468,1,405.363669824982,1.3591,0.1214,3.16795927327414,7.1,Sub-Saharan Africa
Uganda,2010,65.54209137,0.5,417.345428498511,1.306,0.117,3.18660981826466,6.8,Sub-Saharan Africa
United Arab Emirates,2000,787.02111816,2.38,1,3.401,1.8015,5.5107500989409,0.1,Middle East & North Africa
United Arab Emirates,2001,777.13061523,2.28,1,3.7182,1.9829,5.24154548212896,0.1,Middle East & North Africa
United Arab Emirates,2002,857.91192627,2.19,1,3.7976,2.0027,5.19315186182676,0.1,Middle East & North Africa
United Arab Emirates,2003,886.5012207,2.19,1,3.9548,2.0763,6.48737308141272,0.1,Middle East & North Africa
United Arab Emirates,2004,894.54040527,2.19,1,3.3515,1.9176,9.17410804804272,0.1,Middle East & North Africa
United Arab Emirates,2005,913.3560791,2.19,1,2.9999,1.5193,12.0199278323734,0.1,Middle East & North Africa
United Arab Emirates,2006,974.52062988,1.88,1,2.7999,1.3298,14.4246687668402,0.1,Middle East & North Africa
United Arab Emirates,2007,1072.70532227,1.88,1,2.9802,1.4053,15.1772513526911,0.1,Middle East & North Africa
United Arab Emirates,2008,1303.14074707,1.86,1,2.8181,1.6405,13.9101055053539,0.1,Middle East & North Africa
United Arab Emirates,2009,1296.97766113,1.93,1,2.9243,1.5177,11.0445985920276,0.1,Middle East & North Africa
United Arab Emirates,2010,1314.63000488,1.93,1,2.6529,1.4195,7.68722216681039,0.1,Middle East & North Africa
United Arab Emirates,2011,1438.47216797,1.07,1,2.8558,1.4369,4.53624184406951,0.1,Middle East & North Africa
United Arab Emirates,2012,1403.52490234,1.07,1,3.0099,1.4767,2.15417385990529,0.1,Middle East & North Africa
United Arab Emirates,2013,1523.88378906,1.15,1,3.3402,1.7413,0.614086082306359,0.1,Middle East & North Africa
United Arab Emirates,2014,1588.28234863,0.01,1,3.9589,1.9953,0.176775197578861,0.1,Middle East & North Africa
United Arab Emirates,2015,1385.53771973,1.1,1,4.9828,2.2111,0.527292387564473,0.1,Middle East & North Africa
United Arab Emirates,2016,1298.12792969,1.36,1,5.5311,2.371,1.05327089864392,0.1,Middle East & North Africa
United Arab Emirates,2017,1650.01855469,1.38,1,5.6829,2.4356,1.33947023681167,0.1,Middle East & North Africa
Uzbekistan,2000,35.50957489,5.33,0.0726687183083645,10.9024,2.9628,1.38374682096563,0.1,Europe & Central Asia
Uzbekistan,2001,30.33938026,5.34,0.0438097904071352,10.8773,2.909,1.26596853291421,0.1,Europe & Central Asia
Uzbekistan,2002,24.39394188,5.54,0.0415688768201831,10.8396,2.8456,1.22383151928578,0.1,Europe & Central Asia
Uzbekistan,2003,25.49855804,5.48,0.0410555264899689,10.7753,2.7816,1.16367524443693,0.1,Europe & Central Asia
Uzbekistan,2004,27.88423538,5.26,0.036155825032102,10.6905,2.721,1.15376921505544,0.1,Europe & Central Asia
Uzbekistan,2005,32.32670975,5.19,0.0551368041410983,10.9794,2.6701,1.1633502238127,0.1,Europe & Central Asia
Uzbekistan,2006,37.71009445,5.12,0.0389066900319994,10.7864,2.6515,1.22021635439699,0.1,Europe & Central Asia
Uzbekistan,2007,46.53120804,4.83,0.0157535803949843,10.8724,2.6329,1.42347489680303,0.1,Europe & Central Asia
Uzbekistan,2008,60.81357193,4.67,0.00361965118972764,11.1342,2.6048,1.60532736295221,0.1,Europe & Central Asia
Uzbekistan,2009,71.42124939,4.58,1,11.173,2.5706,1.687340968602,0.1,Europe & Central Asia
Uzbekistan,2010,85.18738556,4.44,0.00150292092682128,11.3794,2.5432,2.82284968340424,0.1,Europe & Central Asia
Uzbekistan,2011,100.09022522,4.32,1,11.4244,2.5036,2.68401550537804,0.1,Europe & Central Asia
Uzbekistan,2012,117.570755,4.19,1,11.3964,2.4451,1.47209998811321,0.2,Europe & Central Asia
Uzbekistan,2013,130.42457581,3.99,1,11.5598,2.4044,1.56190433294848,0.2,Europe & Central Asia
Uzbekistan,2014,117.65130615,3.98,1,11.2804,2.3742,1.68690035915161,0.2,Europe & Central Asia
"Venezuela, RB",2001,391.50839233,0.8000000119,1.93480039940811,1.1361,1.9475,1.85931662601217,0.4,Latin America & Caribbean
Vietnam,2001,23.18782616,2.4000000954,3.11134945735356,0.7332,0.5242,1.0358933872913,0.3,East Asia & Pacific
Vietnam,2002,19.65594101,1.4,2.18757010322523,0.7581,0.5514,0.976001213951017,0.3,East Asia & Pacific
Vietnam,2005,35.03743744,2.34,0.657195470608299,0.831,0.6139,0.922551593967954,0.3,East Asia & Pacific
Vietnam,2006,42.29331589,2.66,0.699462185417804,0.8797,0.6239,0.931893992984162,0.3,East Asia & Pacific
Vietnam,2008,59.16986084,2.9,0.281794714682183,1.0207,0.6648,0.959836735124864,0.3,East Asia & Pacific
Vietnam,2009,64.43672943,3.1,0.356043207532854,1.1081,0.6982,0.979409218714375,0.4,East Asia & Pacific
Vietnam,2010,78.63555908,2.91,0.354135078863425,1.2327,0.71,1.00012883807904,0.4,East Asia & Pacific
Vietnam,2012,108.93997192,2.5,0.360182959888918,1.4524,0.8209,1.04162218011767,0.4,East Asia & Pacific
Vietnam,2013,119.52192688,3.18,0.310389703243223,1.226,1.18,1.05306229998885,0.4,East Asia & Pacific
Vietnam,2014,117.41460419,2.6,0.281985625006047,1.4299,0.783,1.05363581050321,0.4,East Asia & Pacific
"Yemen, Rep.",2004,39.15239334,0.59,32.2180974782849,0.7035,0.3449,2.88193132446171,0.1,Middle East & North Africa
"Yemen, Rep.",2014,81.05194855,0.71,29.1333771503743,0.8789,0.5251,2.65414064347765,0.1,Middle East & North Africa
Zambia,2008,55.93905258,1.9,176.72354917461,0.7076,0.0619,2.72642294267314,12.2,Sub-Saharan Africa
Zambia,2010,55.3928299,1,177.022672226768,0.73,0.0614,2.914654960089,12.1,Sub-Saharan Africa
Zimbabwe,2011,88.38669586,1.7,70.6782340940487,1.3201,0.0817,1.53640571630567,1,Sub-Saharan Africa
